﻿<?xml version="1.0" encoding="utf-8"?>
<TouchIfFileData xmlns:i="http://www.w3.org/2001/XMLSchema-instance" xmlns="http://schemas.datacontract.org/2004/07/Common">
  <ApiCreationDate>2018-07-06T14:41:50.5248797+08:00</ApiCreationDate>
  <BeginnerVersion xmlns:d2p1="http://schemas.datacontract.org/2004/07/System">
    <d2p1:_Build>0</d2p1:_Build>
    <d2p1:_Major>1</d2p1:_Major>
    <d2p1:_Minor>7</d2p1:_Minor>
    <d2p1:_Revision>0</d2p1:_Revision>
  </BeginnerVersion>
  <IdeType>E2_WITH_EMULATOR</IdeType>
  <ProjectFolderPath>C:\Users\a5059740\Documents\TouchAPI_20180706144018</ProjectFolderPath>
  <Version>1</Version>
  <listIf>
    <TouchIfInfo>
      <AllocatedTs>
        <TsInfo>
          <Label>TS00</Label>
          <Num>0</Num>
        </TsInfo>
      </AllocatedTs>
      <Enable>true</Enable>
      <ID>0</ID>
      <IfType>BUTTON</IfType>
      <Label>Button00</Label>
      <MatrixBtn />
      <ParentMatrixId>0</ParentMatrixId>
      <Rect xmlns:d4p1="http://schemas.datacontract.org/2004/07/System.Drawing">
        <d4p1:height>70</d4p1:height>
        <d4p1:width>70</d4p1:width>
        <d4p1:x>145</d4p1:x>
        <d4p1:y>155</d4p1:y>
      </Rect>
      <RxTs />
      <TxTs />
      <Visible>true</Visible>
    </TouchIfInfo>
    <TouchIfInfo>
      <AllocatedTs>
        <TsInfo>
          <Label>TS03</Label>
          <Num>3</Num>
        </TsInfo>
      </AllocatedTs>
      <Enable>true</Enable>
      <ID>1</ID>
      <IfType>BUTTON</IfType>
      <Label>Button01</Label>
      <MatrixBtn />
      <ParentMatrixId>0</ParentMatrixId>
      <Rect xmlns:d4p1="http://schemas.datacontract.org/2004/07/System.Drawing">
        <d4p1:height>70</d4p1:height>
        <d4p1:width>70</d4p1:width>
        <d4p1:x>415</d4p1:x>
        <d4p1:y>155</d4p1:y>
      </Rect>
      <RxTs />
      <TxTs />
      <Visible>true</Visible>
    </TouchIfInfo>
  </listIf>
</TouchIfFileData>