﻿<?xml version="1.0" encoding="utf-8"?>
<FileManageLabelData xmlns:i="http://www.w3.org/2001/XMLSchema-instance" xmlns="http://schemas.datacontract.org/2004/07/Common">
  <InterfaceLabelList>
    <InterfaceLabelConfiguration>
      <ID>0</ID>
      <IdParent>-1</IdParent>
      <Label>Button00</Label>
      <Type>Key</Type>
    </InterfaceLabelConfiguration>
    <InterfaceLabelConfiguration>
      <ID>3</ID>
      <IdParent>-1</IdParent>
      <Label>Button01</Label>
      <Type>Key</Type>
    </InterfaceLabelConfiguration>
  </InterfaceLabelList>
  <Version>2</Version>
</FileManageLabelData>